Code,Start_Year,End_Year,Name,Funding_Body,Role,Amount
IniSeg II,under review,,From Initial Learning to Secondary Schooling: Longitudinal Studies on the Development of the Bilingual Mental Lexicon and Foreign Language Skills,"DFG Research Grant, Germany",co-investigator,"202,200 euros"
UMDnoise,under review,,How noise in the home environment impacts children's development,National Institute of Health (USA),co-investigator,"$37,500 "
UMDcodeswitch,under review,,Shifting attention: The role of code-switching in bilinguals' learning and memory,National Science Foundation (USA),co-investigator,"$22,500 "
FDSclassroom,in preparation,,The relationship between speech register and learner outcomes in foreign language classrooms,"DFG Research Grant, Germany",Primary Investigator,"450,000 euros"
Korea_HK3,2025,-2031,"Language, cognition, and society: A lifespan data-driven approach",Ministry of Education and the National Research Foundation of Korea (NRF) - HK 3.0 Program,"co-investigator (main PI Eon-Suk Ko, Chosun University)",$3.5 million
IniSeg I,2022,-2025,Initial foreign speech segmentation in school-aged children,"HO 6614/3 - DFG Research Grant, Germany","co-PI with Prof. Holger Hopp (total funding 426,002 euros)","216,325 euros"
UMDtraining,2017,-2019,The role of infant- and adult-directed registers in initial foreign speech segmentation,"Comparative and Evolutionary Biology of Hearing, NIH Postdoc Training Grant, 5T32DC00046-23, USA",Postdoctoral Trainee as Primary Investigator,
Paris,2014,-2017,Origin of the consonant/vowel asymmetry in lexical processing,"13-BSH2-0004 - ANR Research Grant, France",Postdoctoral Researcher,
Dartmouth,2009,,The relationship between attractiveness rating and brain activity in males and females,"Psi Chi Association of Psychological Science Summer Research Grant, USA",Primary Investigator mentored by Prof. Todd Heatherton,"$5,000 "
